MedianIncome,Erate
20960.14504,0.001556964
29959.42748,0.001615476
37293.69466,0.001634373
42970.9,0.001562163
48618.07634,0.001528585
54610.80916,0.001528787
61576.21538,0.00149307
70556.24427,0.001453903
84008.51908,0.001408863
115557.5462,0.001371498
